	Name	Height	Weight	bmi
0	Bray	1.7	62	21.453287197231838
1	Batman	1.9	100	27.70083102493075
2	Spongebob	0.25	1	16.0
